open,high,low,close,volume,trade_count,vwap
296.24,300.6,295.19,300.35,36554338.0,283489.0,298.546196
297.15,300.58,296.5,297.43,38677814.0,280441.0,298.834372
293.79,299.96,292.75,299.8,31399992.0,242868.0,297.813476
299.84,300.9,297.48,298.39,29556784.0,227871.0,299.034972
297.16,304.4399,297.156,303.19,35684201.0,261773.0,301.304133
307.235,310.43,306.2,309.63,44396576.0,328753.0,308.65669
310.6,312.67,308.25,310.33,36648233.0,294491.0,310.666118
311.64,317.07,311.15,316.96,32220012.0,254955.0,313.731205
316.7,317.57,312.17,312.68,42942708.0,342961.0,314.713008
311.85,315.5,309.55,311.34,32139593.0,264906.0,312.922267
313.59,315.7,312.09,315.24,29140071.0,207425.0,314.141369
316.27,318.74,315.0,318.73,38565478.0,238256.0,316.965301
317.19,319.02,316.0,316.57,31392219.0,208934.0,317.288824
318.58,319.99,317.31,317.7,27618413.0,208307.0,318.438378
317.92,319.56,315.65,319.23,28206335.0,197087.0,318.167779
320.25,323.33,317.5188,318.31,38955588.0,296007.0,320.303858
310.06,311.77,304.88,308.95,43644360.0,380405.0,309.610007
312.6,318.4,312.19,317.69,42418318.0,353626.0,315.916483
324.45,327.85,321.38,324.34,56640241.0,464165.0,325.467823
320.5435,324.09,318.75,323.87,33239806.0,280548.0,321.693739
320.93,322.68,308.29,309.51,52533229.0,482430.0,313.839677
304.3,313.49,302.22,308.66,45754031.0,405208.0,309.003253
315.31,319.64,313.6345,318.85,36272799.0,288067.0,317.477856
323.51,324.76,318.95,321.45,31622964.0,269731.0,321.502056
322.57,325.22,320.2648,325.21,28114850.0,215451.0,323.390864
322.37,323.4,318.0,320.03,30869922.0,261353.0,320.976586
314.18,321.55,313.85,321.55,30003215.0,234131.0,319.284158
323.6,323.9,318.71,319.61,25005339.0,230347.0,321.363957
321.47,327.22,321.47,327.2,30570441.0,244876.0,324.830973
324.19,326.22,323.35,324.87,25262190.0,216971.0,325.027544
324.74,325.98,322.85,324.95,21958849.0,175962.0,324.647289
315.36,319.75,314.61,319.0,41230347.0,365786.0,317.393895
320.0,324.57,320.0,323.62,26363235.0,205436.0,323.202074
322.63,324.65,318.21,320.3,26611083.0,243576.0,321.138329
318.62,320.45,310.5,313.05,35594515.0,322576.0,314.583476
297.26,304.18,289.23,298.18,61353576.0,586885.0,299.276578
300.95,302.53,286.13,288.08,60987822.0,624804.0,293.097132
286.53,297.88,286.5,292.65,52676541.0,494243.0,292.797059
281.1,286.0,272.96,273.52,85257037.0,811084.0,279.558806
257.26,278.41,256.37,273.36,114959720.0,1116916.0,267.171419
282.28,301.44,277.72,298.81,90351600.0,851003.0,289.199909
303.67,304.0,285.8,289.17,84109722.0,841739.0,294.286334
296.44,303.4,293.13,302.74,58253150.0,506992.0,298.496827
295.52,299.55,291.41,292.92,50614355.0,433283.0,295.134242
282.0,290.82,281.23,288.95,60257981.0,550882.0,285.971971
263.75,278.09,263.0,266.17,76935702.0,733184.0,271.185837
277.14,286.44,269.37,285.34,75535111.0,696324.0,278.112079
277.39,281.22,271.86,275.43,68307766.0,587140.0,276.373827
255.94,270.0,248.0,248.23,111465359.0,1085541.0,255.09785
264.89,279.92,252.95,277.97,98609167.0,935255.0,263.683731
241.95,259.08,240.0,242.21,86579210.0,826440.0,249.865088
247.51,257.61,238.4,252.63,85901855.0,825902.0,250.1026
239.77,250.0,237.12,246.67,79772198.0,757708.0,243.35975
247.385,252.84,242.61,244.78,73916632.0,662846.0,247.388437
247.18,251.83,228.0,229.24,120658928.0,859764.0,239.421
228.08,228.4997,212.61,224.37,89762672.0,838639.0,221.476956
236.36,247.69,234.3,246.6,78583691.0,692498.0,241.859647
250.75,258.25,244.3,245.52,81067667.0,755737.0,251.445616
246.52,258.68,246.36,258.46,69046370.0,584621.0,253.223004
252.75,255.87,247.05,247.74,55413806.0,489518.0,250.636948
250.74,255.52,249.4,254.81,45322283.0,371750.0,252.862896
255.6,262.49,252.0,254.29,55006513.0,405386.0,256.304097
246.5,248.72,239.13,240.91,47392356.0,460609.0,243.759405
240.34,245.15,236.9,244.93,44066235.0,380300.0,241.672406
242.8,245.7,238.9741,241.41,34943113.0,293061.0,241.769197
250.9,263.11,249.38,262.47,55182629.0,486686.0,256.65963
270.8,271.7,259.0,259.43,53635078.0,467380.0,264.519301
262.74,267.37,261.23,266.07,45192000.0,391256.0,264.793483
268.7,270.07,264.7,267.99,42512432.0,415873.0,267.27947
268.31,273.7,265.83,273.25,34476454.0,343837.0,269.600711
280.0,288.25,278.05,287.05,52346775.0,476986.0,285.218539
282.4,286.33,280.63,284.43,35478603.0,312189.0,283.752775
287.38,288.1975,282.3502,286.69,41819171.0,377059.0,285.663641
284.69,286.945,276.86,282.8,58079091.0,570237.0,281.672095
277.95,281.68,276.85,276.93,34589355.0,357163.0,278.947126
276.28,277.25,265.43,268.37,48230218.0,530771.0,269.720605
273.61,277.9,272.2,275.76,31467231.0,287134.0,275.077871
275.87,281.75,274.87,275.03,33457419.0,318321.0,277.719856
277.2,283.01,277.0,282.97,33249022.0,305335.0,280.476088
281.8,284.54,279.95,283.17,30945540.0,300776.0,282.349769
285.08,285.83,278.2,278.58,29666300.0,285386.0,281.661294
284.73,289.67,283.89,287.73,36695010.0,324893.0,287.369766
289.95,294.53,288.35,293.949,48687530.0,471134.0,291.675941
286.25,299.0,285.85,289.07,62704105.0,557566.0,292.523833
289.17,293.69,286.3172,293.16,35110872.0,320753.0,290.606231
295.06,301.0,294.46,297.56,38707975.0,361222.0,298.503747
300.46,303.24,298.87,300.63,36868870.0,327331.0,301.750183
303.22,305.17,301.97,303.74,30480126.0,273199.0,303.710941
305.64,310.35,304.29,310.13,35422884.0,318018.0,307.929791
308.1,317.05,307.24,315.01,37949082.0,336684.0,313.030045
317.83,319.688,310.91,311.41,42887802.0,372898.0,316.225186
312.15,315.95,303.21,307.65,52276176.0,489398.0,308.943172
304.51,309.79,301.53,309.54,42200562.0,370238.0,305.80439
300.35,307.9,300.21,307.691,43625806.0,385180.0,304.889954
313.17,316.5,310.3241,314.96,36668546.0,315519.0,314.153432
315.03,318.52,313.01,313.14,26699454.0,253426.0,316.291199
316.68,319.52,316.2,319.23,29780792.0,263857.0,318.519016
318.66,320.89,315.87,316.85,27045942.0,250906.0,318.118324
315.77,319.23,315.35,318.89,21546364.0,205517.0,317.613269
323.5,324.24,316.5,316.73,34645082.0,309833.0,319.327965
316.14,318.71,313.09,318.11,30285790.0,279275.0,316.30593
316.77,323.44,315.63,318.25,36136396.0,320361.0,320.253652
319.25,321.15,316.47,317.94,45162719.0,307472.0,318.592852
317.75,322.35,317.21,321.85,21205533.0,231718.0,320.896034
320.745,323.44,318.93,323.34,23565877.0,226251.0,321.587379
324.66,326.2,322.3,325.12,28076160.0,258874.0,324.398745
324.39,325.62,320.78,322.32,23396267.0,237173.0,323.304257
323.35,331.75,323.23,331.5,37037919.0,351172.0,329.320648
330.25,333.6,327.32,333.58,26141205.0,261210.0,331.250079
332.14,345.61,332.01,343.99,38789061.0,402776.0,341.429481
347.9,354.77,346.09,352.84,43571232.0,449795.0,351.552995
349.31,351.06,335.48,335.981,54196136.0,577345.0,342.709888
344.72,347.8,334.2233,338.8,52434176.0,513869.0,340.032268
333.25,345.68,332.58,342.99,36750046.0,368619.0,339.62943
351.46,353.2,344.72,352.08,43758952.0,446658.0,350.965365
355.15,355.4,351.09,351.59,30473688.0,321833.0,353.612497
351.41,353.45,349.22,351.73,25824939.0,274416.0,351.57152
354.635,356.56,345.15,349.72,83869126.0,520977.0,350.677659
351.63,359.46,351.15,358.87,36008356.0,365767.0,356.689811
364.0,372.38,362.2701,366.53,55276287.0,540701.0,367.704397
365.0,368.79,358.52,360.06,50456400.0,520698.0,362.2197
360.7,365.0,357.57,364.84,36009582.0,364770.0,361.994077
364.41,365.32,353.02,353.63,57434903.0,477002.0,356.968718
353.25,362.1736,351.28,361.78,34743565.0,345352.0,358.741704
360.08,365.98,360.0,364.8,38837378.0,332674.0,363.915357
365.12,367.36,363.91,364.11,29162121.0,317160.0,365.660526
367.85,370.47,363.64,364.11,30469982.0,304464.0,366.950547
370.0,375.78,369.87,373.85,31864335.0,335180.0,373.393476
375.41,378.62,372.23,372.69,30144964.0,312190.0,375.620911
376.72,381.5,376.36,381.37,31537366.0,328598.0,379.632419
385.05,385.27,378.69,382.73,32757048.0,381755.0,382.497278
381.34,383.92,378.8207,383.68,23968047.0,277625.0,381.892201
389.06,399.82,381.03,381.91,50457372.0,582526.0,391.497249
379.36,389.02,375.51,388.23,45031939.0,475799.0,383.504255
395.96,396.99,385.96,390.9,39857859.0,437746.0,391.173918
386.25,389.62,383.62,386.09,29086322.0,345198.0,385.895893
387.95,388.59,383.36,385.31,25703761.0,256666.0,385.981774
385.665,394.0,384.25,393.43,24596920.0,281656.0,390.103585
396.69,397.0,386.97,388.0,27837037.0,328229.0,391.118255
386.77,391.9,386.41,389.09,23491624.0,255653.0,388.674399
387.9935,388.31,368.039,371.38,51496741.0,685266.0,375.997798
363.95,371.88,356.58,370.46,47711250.0,562326.0,366.411277
374.84,379.62,373.92,379.24,32395539.0,342425.0,377.582578
377.47,378.1986,372.99,373.01,27508071.0,277124.0,375.320012
375.0,380.92,374.85,380.16,23696778.0,260935.0,378.354474
376.75,385.19,375.07,384.76,40595969.0,516225.0,381.349531
411.535,425.66,403.3,425.04,98288452.0,1140784.0,414.217535
432.8,446.5457,431.57,435.75,80004478.0,979854.0,438.582683
436.51,443.16,433.55,438.66,45021533.0,527335.0,438.659322
437.51,441.57,435.59,440.25,32190632.0,387419.0,438.711905
441.62,457.65,439.19,455.61,52402178.0,585123.0,450.129824
452.82,454.7,441.17,444.45,51189744.0,646796.0,447.904946
450.325,455.1,440.0,450.91,55050093.0,642385.0,449.3246
447.875,449.93,436.4267,437.5,49648461.0,625332.0,443.716051
441.99,453.1,441.19,452.04,43580278.0,515442.0,449.146004
457.72,464.17,455.71,460.04,53862056.0,633340.0,459.967819
459.315,460.0,452.18,459.63,42745092.0,537592.0,456.72994
464.25,464.35,455.8501,458.43,31962550.0,435131.0,459.365418
457.41,464.0,456.03,462.25,27786408.0,388891.0,460.936699
463.933,468.65,462.44,462.83,38353086.0,499408.0,465.547805
463.0,473.568,462.9335,473.1,33346574.0,472763.0,469.637101
477.05,499.472,477.0,497.48,87150058.0,1089021.0,490.659168
514.79,515.14,495.745,503.43,89111099.0,1287623.0,505.287645
498.79,500.7172,492.21,499.3,54732241.0,761157.0,496.788037
504.7165,507.97,500.33,506.09,42685290.0,627489.0,504.426506
508.57,509.94,495.33,500.04,40425833.0,679931.0,502.642862
504.05,505.77,498.31,499.23,53137957.0,686606.0,501.015981
127.39,131.0,126.0,129.04,243737082.0,2753926.0,129.013214
132.76,134.8,130.53,134.18,162353762.0,1494294.0,132.93821
137.59,137.98,127.0,131.4,210023657.0,1843494.0,131.597988
126.91,128.84,120.5,120.88,274068039.0,2360762.0,123.486326
120.1,123.7,110.89,120.96,344528755.0,2962331.0,117.961711
114.16,118.99,112.68,112.82,245981952.0,2003680.0,115.312064
117.26,119.14,115.26,117.32,190263275.0,1308845.0,117.445576
120.36,120.5,112.5,113.42,192230707.0,1444583.0,115.936985
114.57,115.23,110.0,112.0,187577679.0,1401259.0,112.019984
114.72,115.93,112.8,115.355,150551407.0,1013528.0,114.624016
118.33,118.829,113.61,115.54,191579878.0,1290607.0,116.416867
115.23,116.0,112.04,112.17,164670212.0,1186045.0,113.519341
109.72,112.2,108.71,110.34,190122929.0,1363279.0,110.142503
110.4,110.88,106.09,106.84,357020901.0,1645257.0,107.793921
104.54,110.19,103.1,110.08,205844757.0,1362837.0,107.056297
112.68,112.86,109.16,111.81,192504491.0,1128775.0,110.998285
111.62,112.11,106.77,107.12,164847647.0,1007071.0,108.974381
105.17,110.25,105.0,108.22,175839103.0,981879.0,108.575844
108.43,112.44,107.67,112.29,158260959.0,879732.0,110.707995
114.98,115.32,112.78,114.96,147526994.0,866158.0,114.076004
114.55,115.31,113.57,114.09,104574095.0,607017.0,114.211859
113.79,117.26,113.62,115.81,157275023.0,808536.0,115.941916
117.64,117.72,115.83,116.85,124794872.0,673258.0,116.591133
112.89,115.37,112.22,113.02,152739147.0,958973.0,113.854471
113.91,116.65,113.55,116.5,112645483.0,613104.0,115.473456
115.7,116.12,112.25,113.16,169071691.0,1030519.0,114.423302
114.62,115.55,114.13,115.08,103682766.0,577792.0,114.937128
116.25,116.4,114.5901,114.97,87991510.0,520897.0,115.252861
115.28,117.0,114.92,116.97,106378271.0,629762.0,116.242947
120.06,125.18,119.2845,124.42,254085140.0,1409223.0,123.085133
125.27,125.39,119.65,121.1,270930939.0,1723607.0,122.355432
121.0,123.03,119.62,121.19,158150251.0,872453.0,121.301462
118.72,121.2,118.15,120.71,118880241.0,669244.0,120.126938
121.28,121.548,118.81,119.02,125949490.0,650468.0,120.10102
119.96,120.419,115.66,115.98,127538434.0,773109.0,117.988289
116.2,118.98,115.63,117.51,130360478.0,687191.0,117.434281
116.67,118.705,116.45,116.87,96688953.0,525412.0,117.456867
117.45,118.04,114.59,115.75,107118588.0,650714.0,115.959557
116.39,116.55,114.28,115.04,85924016.0,574952.0,114.989355
114.01,116.55,112.88,115.05,119512225.0,731754.0,114.630574
115.49,117.28,114.5399,116.6,97977577.0,554035.0,116.328695
115.05,115.43,111.1,111.2,155989903.0,969851.0,112.631239
112.37,116.93,112.2,115.32,154115865.0,1025465.0,115.146706
111.06,111.99,107.72,108.86,201474528.0,1490393.0,109.082693
109.11,110.68,107.32,108.77,129169579.0,865486.0,108.621718
109.66,111.49,108.73,110.44,114030391.0,640259.0,110.456532
114.05,115.59,112.35,114.95,148351201.0,846480.0,114.640877
117.95,119.62,116.8686,119.03,134891975.0,762130.0,118.509904
118.32,119.2,116.13,118.69,121818881.0,645050.0,118.147941
120.5,121.99,116.05,116.32,165715048.0,997694.0,119.339721
115.55,117.59,114.13,116.0,144162367.0,820549.0,116.326328
117.19,119.63,116.44,119.49,118291874.0,621700.0,118.519191
119.62,120.53,118.57,119.21,108671816.0,613393.0,119.482563
119.44,119.6717,117.87,119.26,87008083.0,505192.0,118.826446
118.92,120.99,118.146,120.3,97343396.0,593382.0,120.094697
119.55,120.6741,118.96,119.39,81552609.0,494163.0,119.839368
118.61,119.82,118.0,118.03,82343800.0,495981.0,118.890756
117.59,119.06,116.81,118.64,80019961.0,492504.0,118.054852
118.65,118.77,117.29,117.34,81429508.0,457629.0,117.973214
117.18,117.6202,113.75,113.85,133961778.0,1020046.0,114.961615
113.91,115.85,112.59,115.17,123577869.0,809385.0,114.568296
115.55,116.75,115.17,116.03,81933305.0,497670.0,116.092635
116.57,117.49,116.22,116.59,49861063.0,328648.0,116.838105
116.97,120.97,116.81,119.05,195962985.0,911474.0,119.122045
121.01,123.4693,120.01,122.72,135963748.0,816069.0,122.453844
122.02,123.37,120.89,123.08,95468629.0,527797.0,122.561687
123.52,123.78,122.21,122.94,85569069.0,473234.0,122.968651
122.6,122.8608,121.52,122.25,83912960.0,458136.0,122.073234
122.31,124.57,122.25,123.75,93919235.0,517949.0,123.836197
124.37,124.98,123.09,124.38,88607492.0,504727.0,124.196566
124.53,125.95,121.0,121.68,126595910.0,737746.0,123.187043
120.5,123.87,120.15,123.24,89204178.0,512176.0,122.931758
122.43,122.76,120.55,122.41,94581629.0,541134.0,121.755522
122.6,123.35,121.54,121.78,92768465.0,451075.0,122.339325
124.34,127.9,124.13,127.88,168623599.0,867472.0,126.623172
127.41,128.37,126.56,127.81,107903885.0,550018.0,127.557497
128.9,129.58,128.045,128.7,102871084.0,491625.0,128.674747
128.96,129.1,126.12,126.655,272790167.0,660908.0,127.080588
125.02,128.31,123.449,128.23,131759645.0,746691.0,126.230859
131.61,134.405,129.65,131.88,177730374.0,1132120.0,132.24245
132.16,132.43,130.78,130.96,96689113.0,557225.0,131.570166
131.32,133.46,131.1,131.97,56888726.0,365721.0,132.359501
133.99,137.34,133.51,136.69,131183580.0,782405.0,135.875269
138.04,138.789,134.3409,134.87,126214348.0,797017.0,136.350752
135.58,135.99,133.4,133.72,100802947.0,630846.0,134.304639
134.08,134.74,131.72,132.69,110149923.0,652169.0,132.854966
133.52,133.6116,126.76,129.41,158211374.0,1310229.0,129.717982
128.89,131.74,128.43,131.01,105863439.0,707583.0,130.738233
127.72,131.0499,126.382,126.66,165568781.0,1202579.0,128.249403
128.36,131.63,127.86,130.92,118743769.0,718362.0,130.185457
132.43,132.63,130.23,132.05,112696090.0,798393.0,131.580087
129.19,130.17,128.5,128.98,110450551.0,775073.0,129.276481
128.5,129.69,126.86,128.8,97558551.0,692725.0,128.480817
128.76,131.45,128.49,130.89,96442760.0,596239.0,130.573463
130.8,131.0,128.76,128.91,97691724.0,651397.0,129.721003
128.83,130.2242,127.0,127.14,128048933.0,709695.0,128.236491
127.78,128.71,126.938,127.83,98953322.0,599779.0,127.700775
128.66,132.49,128.55,132.03,113947702.0,668584.0,131.474055
133.8,139.67,133.59,136.87,127940803.0,835006.0,135.878831
136.28,139.85,135.02,139.07,121203430.0,737325.0,137.889897
143.07,145.09,136.54,142.92,164986731.0,1226592.0,142.635087
143.6,144.3,141.37,143.16,103714054.0,743291.0,142.789365
143.43,144.3,140.41,142.06,152725672.0,1155722.0,142.563591
139.52,141.99,136.7,137.09,152449730.0,1239480.0,139.122017
135.83,136.74,130.21,131.96,187694057.0,1690343.0,132.693024
133.75,135.38,130.93,134.1,114159323.0,924210.0,133.811767
135.73,136.31,134.61,134.99,89799845.0,689681.0,135.221307
135.76,135.77,133.61,133.94,96429152.0,699072.0,134.494652
136.3,137.4,134.59,137.39,90780419.0,658082.0,136.200632
137.35,137.42,135.86,136.76,80015037.0,613906.0,136.636295
136.03,136.96,134.92,136.91,76760213.0,614476.0,136.226119
136.62,137.877,135.85,136.01,81202869.0,536828.0,136.729121
136.48,136.99,134.4,135.39,77577773.0,605208.0,135.503937
135.9,136.39,133.77,135.13,68440629.0,547790.0,134.919651
134.34,135.53,133.6921,135.37,65213313.0,480368.0,134.578308
135.46,136.01,132.79,133.19,86485313.0,741085.0,133.869729
131.25,132.22,129.47,130.84,103369066.0,971323.0,130.590218
129.2,129.995,127.41,129.71,102110455.0,859579.0,128.899808
130.24,130.71,128.8,129.87,95894715.0,681994.0,129.796953
128.01,129.72,125.6,126.0,111809173.0,969992.0,126.996793
123.76,126.71,118.39,125.86,164346364.0,1547493.0,123.352579
124.94,125.56,122.23,125.35,117486364.0,965735.0,124.434951
124.68,126.4585,120.54,121.0,156694180.0,1365705.0,122.586012
122.58,124.85,121.2,121.26,182034189.0,1285915.0,122.821565
123.75,127.93,122.79,127.79,125589785.0,924491.0,126.140399
128.4,128.72,125.01,125.12,109652943.0,831907.0,126.078167
124.81,125.71,121.84,122.06,121248253.0,992163.0,123.316021
121.75,123.6,118.62,120.13,185434303.0,1689139.0,120.795729
120.98,121.935,117.57,121.42,161638253.0,1470130.0,119.864269
120.93,121.0,116.21,116.36,163528340.0,1540737.0,117.876469
119.03,122.06,118.79,121.085,140118332.0,1009108.0,120.759093
121.69,122.17,119.45,119.98,117237978.0,1031837.0,120.319336
122.54,123.21,121.26,121.96,110029338.0,790219.0,122.062404
120.4,121.17,119.16,121.05,92882164.0,760863.0,120.274078
121.41,124.0,120.42,123.99,101152740.0,711880.0,123.037377
125.7,127.22,124.715,125.57,120079103.0,835617.0,125.943516
124.05,125.8599,122.336,124.76,119061026.0,896787.0,123.823892
122.88,123.18,120.32,120.53,131210927.0,970649.0,121.547169
119.9,121.43,119.675,119.99,240162615.0,879130.0,120.166273
120.33,123.87,120.26,123.39,122779025.0,723657.0,122.835562
123.33,124.24,122.14,122.54,103620192.0,641875.0,122.961739
122.82,122.9,120.065,120.09,94149863.0,653245.0,121.168753
119.54,121.66,119.0,120.59,105125706.0,807594.0,120.268624
120.35,121.48,118.92,121.21,100931995.0,714845.0,120.290597
121.65,122.58,120.7299,121.39,86216952.0,584889.0,121.455044
120.11,120.4031,118.86,119.9,91640500.0,667926.0,119.710328
121.65,123.52,121.15,122.15,133199283.0,740859.0,122.567181
123.66,124.18,122.49,123.0,80479798.0,526283.0,123.14769
123.87,126.1601,123.07,125.9,94661534.0,642636.0,125.357812
126.5,127.13,125.65,126.21,86151139.0,564316.0,126.364115
125.83,127.92,125.14,127.9,88153365.0,555607.0,127.115742
128.95,130.39,128.52,130.36,95035670.0,639635.0,129.776771
129.8,133.04,129.47,132.995,112957134.0,699498.0,131.734405
132.52,132.85,130.63,131.24,92576672.0,612047.0,131.527315
132.44,134.66,131.93,134.43,92369073.0,640758.0,133.730378
134.94,135.0,131.655,132.03,93010442.0,668835.0,132.985073
133.82,135.0,133.64,134.5,90094951.0,608985.0,134.398427
134.3,134.67,133.28,134.16,84805117.0,540343.0,134.026887
133.51,135.47,133.34,134.84,94957774.0,625259.0,134.568217
135.06,135.53,131.81,133.11,95538041.0,744676.0,133.453993
132.36,133.75,131.3001,133.5,69552331.0,508236.0,132.851333
133.04,134.15,131.41,131.94,89780577.0,615674.0,132.754191
132.16,135.12,132.16,134.32,84888565.0,518560.0,134.168525
134.83,135.06,133.56,134.72,73315093.0,484074.0,134.556942
135.01,135.41,134.11,134.39,70356442.0,480005.0,134.575486
134.31,135.02,133.08,133.58,111769456.0,783356.0,133.991098
136.47,137.07,132.45,133.48,157181673.0,1059393.0,134.133181
131.78,133.56,131.065,131.46,118162269.0,699638.0,132.14479
132.04,134.07,131.83,132.54,79773508.0,580644.0,132.80879
131.19,131.4899,126.7,127.85,146034858.0,1182708.0,127.88114
129.2,130.45,127.97,128.1,88488165.0,659287.0,129.208074
127.89,129.75,127.13,129.74,78807021.0,607092.0,128.612168
130.85,131.2582,129.475,130.21,85342759.0,544537.0,130.416603
129.41,129.54,126.81,126.85,88933496.0,680684.0,127.851824
123.5,126.27,122.77,125.91,133807591.0,922251.0,124.745601
123.4,124.64,122.25,122.77,113210244.0,876771.0,123.05406
124.58,126.15,124.26,124.97,107081045.0,788609.0,125.230776
126.25,127.89,125.85,127.45,90601277.0,534534.0,127.000168
126.82,126.93,125.17,126.27,80528553.0,502355.0,125.920112
126.56,126.99,124.78,124.85,69129296.0,493596.0,125.914213
123.16,124.915,122.86,124.69,100433484.0,674478.0,124.040553
125.23,127.72,125.1,127.31,83448984.0,494883.0,126.855884
127.82,128.0,125.21,125.43,86829353.0,526777.0,126.164474
126.01,127.94,125.94,127.1,69927211.0,442167.0,127.254225
127.82,128.32,126.32,126.9,77303825.0,462970.0,127.076136
126.955,127.39,126.42,126.85,61288510.0,415359.0,126.861309
126.44,127.64,125.08,125.28,116578783.0,545649.0,125.972313
125.57,125.8,124.55,124.61,78072288.0,526780.0,125.022216
125.08,125.35,123.94,124.28,72144570.0,501241.0,124.597136
124.28,125.24,124.05,125.06,63368854.0,461507.0,124.779382
124.68,124.85,123.13,123.54,81403526.0,562301.0,123.772749
124.07,126.16,123.85,125.89,81427937.0,466811.0,125.400653
126.17,126.32,124.8321,125.9,76175714.0,504399.0,125.392774
126.6,128.46,126.2101,126.74,79189096.0,532136.0,127.061065
127.21,127.75,126.52,127.13,64315610.0,382699.0,127.084336
127.02,128.19,125.94,126.11,76816859.0,498433.0,126.621335
126.53,127.44,126.1,127.35,58688119.0,353242.0,127.046805
127.82,130.54,127.07,130.48,110988351.0,563599.0,129.684863
129.945,130.6,129.39,129.64,68883859.0,416234.0,129.820646
130.37,130.89,128.461,130.15,100286328.0,619033.0,130.019984
129.8,132.55,129.65,131.79,107585192.0,652029.0,131.591602
130.71,131.51,130.24,130.46,136408062.0,556290.0,130.748893
130.3,132.41,129.21,132.3,90375931.0,506666.0,131.560342
132.13,134.08,131.62,133.98,84509149.0,481088.0,133.175136
133.77,134.32,133.23,133.7,64616230.0,424775.0,133.77917
134.45,134.64,132.93,133.41,75815074.0,443495.0,133.746251
133.46,133.89,132.81,133.11,88371762.0,357994.0,133.212392
133.41,135.245,133.35,134.78,68112075.0,454436.0,134.806148
134.8,136.49,134.35,136.33,68372177.0,442550.0,135.923559
136.17,137.41,135.87,136.96,71377665.0,419359.0,136.830539
136.6,137.33,135.76,137.27,56342229.0,388280.0,136.690074
137.9,140.0,137.745,139.96,84970248.0,520664.0,139.252916
140.07,143.15,140.07,142.02,114619239.0,733659.0,141.736139
143.535,144.89,142.66,144.57,111746230.0,732819.0,144.037156
141.58,144.06,140.665,143.24,112773322.0,772472.0,142.58733
142.74,145.65,142.6522,145.11,106619809.0,634716.0,144.807885
146.21,146.32,144.0,144.5,83066841.0,516639.0,144.778399
144.03,147.46,143.63,145.64,104907532.0,697219.0,146.074127
148.1,149.57,147.68,149.15,133484459.0,797736.0,148.829434
149.24,150.0,147.09,148.48,112350124.0,698337.0,148.436588
148.46,149.76,145.88,146.39,99273558.0,611573.0,147.641637
143.75,144.07,141.67,142.45,128811485.0,939628.0,142.571449
143.46,147.0997,142.96,146.15,105145185.0,614259.0,145.59669
145.53,146.13,144.63,145.4,80366794.0,473583.0,145.358474
145.935,148.195,145.81,146.8,81182010.0,480214.0,146.981189
147.55,148.7177,146.92,148.56,75925274.0,456343.0,148.060665
148.27,149.83,147.7,148.99,79498730.0,489116.0,149.10307
149.12,149.21,145.55,146.77,111483119.0,785631.0,146.948372
144.81,146.97,142.54,144.98,122965718.0,829466.0,144.891816
144.685,146.55,144.58,145.64,60694970.0,416128.0,145.814255
144.38,146.33,144.11,145.86,77054702.0,465646.0,145.419741
146.36,146.95,145.25,145.52,65875193.0,458365.0,145.865854
145.81,148.045,145.18,147.36,68792157.0,462821.0,146.773594
147.27,147.79,146.28,146.95,60997440.0,402504.0,147.036199
146.98,147.84,146.17,147.06,49379114.0,356222.0,147.105684
146.35,147.11,145.63,146.14,59280265.0,373647.0,146.210543
146.2,146.7,145.52,146.09,52679515.0,352476.0,146.115225
146.44,147.71,145.3,145.6,76706864.0,431283.0,146.099667
146.05,146.72,145.53,145.86,51503841.0,365452.0,146.017177
146.19,149.05,145.84,148.89,79314067.0,514673.0,148.032582
148.97,149.4444,148.27,149.1,62684839.0,407372.0,148.928605
148.535,151.19,146.47,151.12,108408089.0,704854.0,149.405402
150.23,151.68,149.09,150.19,97169154.0,624242.0,150.237847
149.8,150.72,146.15,146.36,91837037.0,647603.0,148.230513
145.03,148.0,144.5,146.7,91195765.0,639431.0,146.463207
147.44,148.5,146.78,148.19,66952609.0,412832.0,147.839
148.31,150.19,147.89,149.71,64886166.0,428952.0,149.485426
149.45,150.86,149.15,149.62,51333221.0,370059.0,149.8944
149.81,150.32,147.8,148.36,63460356.0,460869.0,148.580645
148.35,149.12,147.51,147.54,51813743.0,382723.0,148.087476
147.48,148.75,146.83,148.6,61524446.0,404655.0,148.153629
149.0,153.49,148.61,153.12,95242745.0,659673.0,152.162551
152.66,152.8,151.29,151.83,99800695.0,534520.0,152.000985
152.83,154.98,152.34,152.51,85467867.0,593513.0,153.721613
153.87,154.72,152.4,153.65,76171528.0,519977.0,153.613989
153.76,154.63,153.09,154.3,61945980.0,431138.0,154.034857
154.97,157.26,154.39,156.69,87089441.0,615177.0,156.212697
156.98,157.04,153.975,155.11,78745932.0,598141.0,155.10992
155.49,156.11,153.95,154.07,60749773.0,469369.0,154.836338
155.0,155.48,148.7,148.97,145633564.0,1163855.0,150.94971
150.63,151.42,148.75,149.55,108978559.0,738875.0,149.700403
150.35,151.07,146.91,148.12,116555193.0,785069.0,148.79887
148.56,149.44,146.37,149.03,90480232.0,619449.0,148.065286
148.44,148.97,147.221,148.79,73991494.0,501852.0,148.1889
148.82,148.82,145.76,146.06,157363379.0,711079.0,146.83
143.8,144.84,141.27,142.94,132862932.0,1022149.0,142.748299
143.93,144.6,142.78,143.43,80978520.0,578045.0,143.725325
144.45,146.43,143.7001,145.85,83396381.0,548485.0,145.441745
146.65,147.08,145.64,146.83,69827190.0,472245.0,146.693184
145.66,147.4701,145.56,146.92,57892722.0,399609.0,146.526196
145.47,145.96,143.82,145.37,81180642.0,529656.0,145.114548
143.25,144.75,141.69,141.91,122884569.0,823809.0,142.577491
142.47,144.45,142.03,142.83,79882926.0,528986.0,143.375296
143.66,144.378,141.28,141.5,97495265.0,643356.0,142.332124
141.9,142.92,139.1101,142.65,102369995.0,729395.0,141.193086
141.76,142.21,138.27,139.14,107234871.0,828323.0,139.268897
139.49,142.24,139.36,141.11,87278742.0,562859.0,141.003569
139.47,142.15,138.37,142.0,88503163.0,610966.0,140.455076
143.06,144.215,142.72,143.29,66148653.0,450798.0,143.645324
144.03,144.1781,142.56,142.9,64052249.0,412281.0,143.157656
142.27,144.81,141.81,142.81,70311992.0,399223.0,143.566109
143.23,143.25,141.0401,141.51,80765444.0,526044.0,141.92086
141.235,141.4,139.2,140.91,86222197.0,600894.0,140.328511
142.11,143.88,141.51,143.76,76265709.0,447190.0,143.22585
143.77,144.895,143.51,144.84,76128380.0,428897.0,144.348646
143.445,146.84,143.16,146.55,93988578.0,544222.0,145.451515
147.01,149.17,146.55,148.76,80273103.0,532887.0,148.333314
148.7,149.7539,148.12,149.26,62144859.0,437980.0,149.099693
148.81,149.64,147.87,149.48,65021325.0,418125.0,149.048329
149.69,150.18,148.64,148.69,62350286.0,437024.0,149.277113
148.68,149.37,147.6211,148.64,55246619.0,425025.0,148.517742
149.33,150.84,149.0101,149.32,65096132.0,459698.0,149.594599
149.36,149.73,148.49,148.85,63423785.0,407596.0,149.10302
149.82,153.165,149.72,152.57,107431920.0,749711.0,152.24444
147.215,149.94,146.4128,149.8,134048773.0,862476.0,148.361033
148.985,149.7,147.8,148.96,81970123.0,529668.0,148.737303
148.66,151.57,148.65,150.02,74553598.0,517397.0,150.341278
150.39,151.97,149.82,151.49,61259570.0,399119.0,150.965915
151.58,152.43,150.64,150.96,68779002.0,458005.0,151.348269
151.89,152.2,150.06,151.28,73859033.0,423705.0,151.128097
151.41,151.57,150.16,150.44,59097917.0,416759.0,150.828094
150.2,151.428,150.0601,150.81,63603083.0,455010.0,150.80264
150.02,150.13,147.85,147.92,71709504.0,544307.0,148.560536
148.96,149.43,147.681,147.87,45185257.0,338587.0,148.162233
148.43,150.4,147.48,149.99,68760172.0,403690.0,149.365981
150.37,151.88,149.43,150.0,65550348.0,422063.0,150.291559
149.94,151.488,149.34,151.0,66930120.0,388992.0,150.731503
150.995,155.0,150.99,153.49,94580869.0,625978.0,153.528866
153.71,158.67,153.05,157.87,147157866.0,865067.0,156.69162
157.65,161.02,156.5328,160.55,125740737.0,815597.0,159.554678
161.68,165.7,161.0,161.02,123251286.0,890339.0,163.617929
161.12,161.8,159.0601,161.41,102409571.0,712380.0,160.395676
160.75,162.14,159.64,161.94,73246402.0,505246.0,161.122022
159.565,160.45,156.36,156.81,84436757.0,666772.0,157.770846
159.37,161.19,158.7901,160.24,96719742.0,663954.0,160.123889
159.985,165.52,159.92,165.3,195855642.0,1139630.0,163.883246
167.48,170.3,164.53,164.77,159673210.0,1191155.0,167.705792
158.735,164.2,157.8,163.76,146467308.0,1163159.0,161.970506
164.02,164.96,159.72,161.84,128515972.0,949914.0,161.815164
164.29,167.8799,164.28,165.32,119733556.0,840682.0,165.81228
169.08,171.58,168.34,171.18,130195598.0,834825.0,170.57342
172.125,175.96,170.7,175.08,124936327.0,871408.0,174.078002
174.91,176.75,173.92,174.56,117745264.0,786135.0,175.244607
175.205,179.63,174.69,179.45,123831479.0,853665.0,177.394763
181.115,182.13,175.53,175.74,163487839.0,1148453.0,178.483374
175.25,177.74,172.21,174.33,152677047.0,985608.0,174.374388
175.11,179.5,172.3108,179.3,140881038.0,937057.0,176.186069
179.28,181.14,170.75,172.26,160390140.0,1202740.0,174.247039
169.93,173.47,169.69,171.14,251869214.0,993776.0,171.183842
168.28,170.58,167.46,169.75,115492992.0,816122.0,169.280615
171.55,173.2,169.12,172.99,97588280.0,651092.0,171.46075
173.04,175.86,172.15,175.64,98498276.0,643561.0,174.303365
175.85,176.8499,175.27,176.28,73416739.0,502550.0,176.155368
177.085,180.42,177.07,180.33,80302069.0,630113.0,179.117121
180.16,181.33,178.53,179.29,83078270.0,631773.0,179.690104
179.33,180.63,178.14,179.38,66315539.0,491795.0,179.458469
179.47,180.57,178.09,178.2,62427102.0,498666.0,179.33699
178.085,179.23,177.26,177.57,70855810.0,450769.0,177.796595
177.83,182.88,177.71,182.01,112486091.0,772699.0,181.395005
182.64,182.94,179.12,179.7,106090378.0,831898.0,180.596889
179.61,180.17,174.64,174.92,95142198.0,848518.0,177.382297
172.7,175.3,171.64,172.0,103899632.0,960344.0,173.031383
172.89,174.14,171.03,172.17,94554334.0,715419.0,172.441994
169.08,172.5,168.17,172.19,117005143.0,956342.0,170.377075
172.32,175.18,170.82,175.08,82100070.0,649657.0,173.729019
176.12,177.18,174.82,175.53,79502421.0,642760.0,175.828866
175.79,176.62,171.79,172.19,92057866.0,692346.0,173.88312
171.34,173.78,171.09,173.07,87780214.0,671723.0,172.42478
171.51,172.54,169.405,169.8,102183802.0,780905.0,170.473157
170.0,171.08,165.94,166.23,101688620.0,824027.0,168.242068
166.98,169.68,164.18,164.51,96630645.0,795590.0,167.076081
164.415,166.33,162.3,162.41,135494794.0,1076049.0,163.800338
160.02,162.3,154.7,161.62,175317276.0,1632715.0,158.812862
158.98,162.76,157.02,159.78,125389277.0,1008312.0,159.447431
163.5,164.3894,157.82,159.69,116338085.0,1017760.0,161.322874
162.45,163.84,158.28,159.22,127009128.0,1161009.0,160.793194
165.71,170.35,162.8,170.33,189144340.0,1515438.0,167.502693
170.16,175.0,169.51,174.78,129780591.0,933488.0,173.376573
174.01,174.84,172.31,174.61,93258667.0,735253.0,173.700733
174.745,175.88,173.33,175.84,91306986.0,676311.0,174.974152
174.48,176.2399,172.12,172.9,101382628.0,724841.0,174.210369
171.68,174.1,170.68,172.39,88456689.0,702279.0,172.356275
172.86,173.9458,170.95,171.66,83181695.0,571413.0,172.42476
171.73,175.35,171.43,174.83,80979959.0,634270.0,173.920662
176.05,176.65,174.9,176.28,78287149.0,574000.0,175.843618
174.14,175.48,171.55,172.12,99694816.0,761966.0,173.456248
172.33,173.08,168.04,168.64,106268657.0,813527.0,170.167372
167.37,169.58,166.56,168.88,98885501.0,757494.0,168.465589
170.97,172.95,170.25,172.79,71066887.0,562857.0,171.738737
171.85,173.34,170.05,172.55,66147855.0,543039.0,171.690439
171.03,171.91,168.47,168.88,78321659.0,584120.0,169.998169
169.82,170.5413,166.19,167.3,92631965.0,685816.0,167.861744
164.98,166.69,162.15,164.32,98811382.0,897221.0,164.504099
165.54,166.15,159.75,160.24,98884474.0,820316.0,162.031387
152.58,162.85,152.0,162.51,155570846.0,1383832.0,158.351326
163.84,165.12,160.8738,164.85,97758401.0,810830.0,163.834653
163.06,165.42,162.43,165.12,108908921.0,791490.0,164.358295
164.695,166.6,161.97,163.2,90604732.0,749658.0,164.104707
164.39,167.36,162.95,166.56,88692844.0,668264.0,165.912587
168.47,168.91,165.55,166.23,82418843.0,651766.0,166.903132
164.49,165.55,162.1,163.17,91169381.0,742704.0,163.361005
163.36,165.02,159.04,159.3,107385155.0,847060.0,161.243957
158.82,162.88,155.8,157.44,140524583.0,1139156.0,158.714863
161.475,163.41,159.41,162.95,100505467.0,733689.0,162.056181
160.2,160.39,155.98,158.52,114471979.0,882864.0,158.023691
158.93,159.28,154.5,154.73,105127762.0,877964.0,156.005897
151.45,154.12,150.1,150.62,118311989.0,969361.0,151.599708
150.9,155.57,150.38,155.09,104410428.0,719960.0,153.651002
157.05,160.0,154.46,159.59,112719986.0,833070.0,157.815188
158.61,161.0,157.63,160.62,85152570.0,629006.0,159.556232
160.51,164.48,159.76,163.98,159428842.0,712906.0,162.649277
163.51,166.35,163.015,165.38,105787821.0,721127.0,164.768948
165.51,169.42,164.91,168.82,89161727.0,638945.0,168.283146
167.99,172.64,167.65,170.21,106073373.0,784483.0,170.75147
171.06,174.14,170.21,174.07,97014668.0,688104.0,172.383085
173.88,175.28,172.75,174.72,85692924.0,662446.0,174.06026
172.17,175.73,172.0,175.6,97532618.0,716110.0,174.453714
176.69,179.01,176.34,178.96,109295753.0,775948.0,177.910355
178.55,179.61,176.7,177.77,100735340.0,695867.0,178.11428
177.84,178.03,174.4,174.61,120024146.0,716274.0,175.739028
174.03,174.88,171.94,174.31,85355694.0,660449.0,173.430856
174.57,178.49,174.44,178.44,82875862.0,630376.0,177.539611
177.5,178.3,174.415,175.06,79568643.0,621543.0,175.935269
172.36,173.63,170.13,171.83,90320928.0,769486.0,171.7809
171.16,173.36,169.85,172.14,78193123.0,628353.0,171.774281
171.78,171.78,169.2,170.09,82763655.0,613778.0,170.479905
168.71,169.03,165.5,165.75,73137070.0,677211.0,166.706697
168.02,169.87,166.64,167.66,83662778.0,678463.0,168.098686
167.39,171.04,166.77,170.4,76146104.0,558074.0,169.73597
170.62,171.27,165.04,165.29,84603285.0,596851.0,167.188756
163.92,166.5984,163.57,165.07,74493604.0,576793.0,164.919124
165.02,167.82,163.91,167.4,75240221.0,548308.0,166.621859
168.76,168.88,166.1,167.23,73954306.0,595065.0,167.334157
168.91,171.53,165.91,166.42,93153701.0,752019.0,168.70561
166.46,167.8699,161.5,161.79,93535037.0,726743.0,164.004905
161.12,163.17,158.46,162.88,103208936.0,925127.0,160.828588
162.25,162.34,156.72,156.8,103931474.0,899968.0,158.487464
155.91,159.79,155.38,156.57,93914037.0,777862.0,157.404649
159.25,164.515,158.93,163.64,137705209.0,1126024.0,162.138666
161.84,166.2,157.25,157.65,145654913.0,1028956.0,160.490163
156.71,158.23,153.27,157.96,131337354.0,1154674.0,156.131749
158.15,160.71,156.32,159.48,93684416.0,706628.0,158.822797
159.67,166.48,159.26,166.02,114719225.0,873684.0,162.681658
163.85,164.08,154.95,156.77,142675572.0,1164750.0,158.002951
156.01,159.44,154.18,157.28,123877861.0,1021039.0,157.329567
154.925,155.83,151.49,152.06,132603947.0,1103708.0,153.028997
155.52,156.74,152.93,154.51,124055409.0,988259.0,154.920039
153.5,155.45,145.81,146.5,151719835.0,1310801.0,149.241372
142.77,146.2,138.8,142.56,192047663.0,1678459.0,142.048448
144.59,148.105,143.11,147.11,114797304.0,917656.0,146.327161
145.55,147.5199,144.18,145.54,91824708.0,699722.0,145.767442
148.86,149.77,146.68,149.24,79304491.0,609265.0,148.4337
146.85,147.3601,139.9,140.82,121266806.0,982291.0,142.514652
139.88,141.66,136.6,137.35,142802096.0,1219749.0,138.61701
139.09,140.7,132.61,137.59,147016057.0,1130085.0,136.460687
137.79,143.26,137.65,143.11,125077087.0,851034.0,141.529314
140.805,141.97,137.33,140.36,109813351.0,812518.0,139.446543
138.43,141.785,138.34,140.52,99358798.0,688318.0,140.115484
137.39,144.34,137.14,143.78,99878236.0,670655.0,142.551195
145.39,149.68,145.26,149.64,100950098.0,682907.0,148.383244
149.07,150.66,146.84,148.84,121269886.0,706655.0,149.068781
149.9,151.74,147.68,148.71,78943522.0,629253.0,149.35566
147.83,151.27,146.86,151.21,78517901.0,574554.0,149.674572
146.9,147.97,144.46,145.38,94319460.0,758694.0,145.711137
147.03,148.5689,144.9,146.14,74857319.0,605201.0,146.601097
144.345,149.0,144.1,148.71,73477251.0,527362.0,147.680455
148.58,149.8697,147.46,147.96,58484475.0,430177.0,148.580051
147.08,147.95,142.53,142.64,75612751.0,558180.0,145.136289
140.28,140.76,137.06,137.13,101534275.0,822114.0,138.025088
132.87,135.2,131.44,131.88,135261516.0,1019934.0,133.021275
133.13,133.89,131.48,132.76,92179405.0,674983.0,132.576122
134.29,137.34,132.16,135.43,101304819.0,733277.0,134.708482
132.08,132.39,129.04,130.06,120184627.0,909224.0,130.415733
130.065,133.079,129.81,131.56,168771047.0,742332.0,131.339118
133.42,137.06,133.32,135.87,91630121.0,604549.0,135.899445
134.79,137.76,133.91,135.35,80880070.0,530528.0,135.842923
136.82,138.59,135.63,138.27,77932990.0,554900.0,137.322917
139.9,141.91,139.77,141.66,110368722.0,539341.0,141.014247
142.695,143.49,140.965,141.66,77728499.0,516177.0,142.030557
142.13,143.422,137.325,137.44,76133876.0,546242.0,139.13926
137.46,140.67,136.67,139.23,71179247.0,572555.0,139.280122
137.25,138.37,133.7737,136.72,114697715.0,710708.0,136.509262
136.04,139.04,135.66,138.93,77594243.0,557437.0,137.606168
137.77,141.61,136.93,141.56,79904746.0,601962.0,139.849325
141.355,144.12,141.08,142.92,78938366.0,585626.0,142.59559
143.29,146.55,143.28,146.35,72731949.0,539963.0,145.73721
145.265,147.55,145.0,147.04,68264699.0,518941.0,146.677205
145.67,146.64,143.78,144.87,69704810.0,496269.0,145.134613
145.76,148.45,145.05,145.86,84620032.0,579533.0,146.716196
142.99,146.45,142.1201,145.49,77731553.0,559359.0,145.232912
144.08,148.95,143.25,148.47,83018114.0,614953.0,146.704837
149.78,150.86,148.2,150.17,86944893.0,548571.0,149.589049
150.74,151.57,146.7,147.07,87239346.0,620452.0,148.960362
147.92,151.23,146.91,151.0,93332247.0,576472.0,149.900387
151.12,153.72,150.37,153.04,70872515.0,523493.0,152.663855
154.5,155.57,151.94,155.35,70606217.0,522806.0,154.438372
155.39,156.28,153.41,154.09,72318038.0,526060.0,154.572629
154.01,155.04,152.28,152.95,57738116.0,487394.0,153.267556
152.265,153.085,150.8,151.6,60764637.0,472004.0,151.66439
152.58,157.33,152.16,156.79,89223566.0,579183.0,155.479087
156.98,157.64,154.41,157.35,86806681.0,738633.0,156.698958
161.24,163.63,159.5,162.51,114785404.0,771584.0,162.316353
161.01,163.59,160.89,161.51,73670876.0,594293.0,162.101278
160.1,162.41,159.63,160.01,63962594.0,543551.0,160.670591
160.84,166.59,160.75,166.13,90300252.0,682784.0,165.051058
166.005,167.19,164.43,165.81,59549979.0,525014.0,165.604192
163.21,165.85,163.0,165.35,61905528.0,489965.0,164.791973
166.37,167.81,164.2,164.87,63810659.0,540019.0,165.848161
164.02,165.82,163.25,164.92,70056143.0,480556.0,164.847702
167.68,169.34,166.9,169.24,77906820.0,559791.0,168.452001
170.06,170.99,168.19,168.49,61943923.0,507917.0,169.351499
169.82,172.17,169.4,172.1,75555239.0,555307.0,171.188405
171.52,173.39,171.345,173.19,58741635.0,501627.0,172.668301
172.78,173.71,171.6618,173.03,60575237.0,515136.0,172.732297
172.77,176.15,172.57,174.55,84217231.0,686579.0,174.345089
173.75,174.9,173.12,174.15,66756106.0,545657.0,174.138349
173.03,173.74,171.3101,171.52,79638699.0,570365.0,172.224698
169.69,169.86,167.135,167.57,76355924.0,620803.0,168.231697
167.08,168.71,166.65,167.23,58090092.0,494688.0,167.603582
167.32,168.11,166.245,167.53,58542963.0,476972.0,167.314592
168.78,170.14,168.35,170.03,56573006.0,465400.0,169.416575
170.57,171.05,163.56,163.62,90147274.0,717946.0,165.692266
161.145,162.9,159.82,161.38,78255530.0,640595.0,161.519924
162.13,162.56,157.72,158.91,82758508.0,644674.0,159.274595
160.305,160.58,157.14,157.22,104165447.0,606829.0,158.30072
156.64,158.42,154.67,157.96,79346064.0,654669.0,156.592275
159.75,160.362,154.965,155.81,83452944.0,644431.0,157.552561
156.47,157.09,153.69,154.53,78705759.0,687438.0,154.989143
154.825,156.67,153.61,155.96,94015457.0,696957.0,155.348091
154.64,156.36,152.68,154.46,91449721.0,697267.0,154.390061
155.47,157.82,154.75,157.37,74228109.0,531339.0,156.706907
159.59,164.26,159.3,163.43,112676884.0,801514.0,162.50199
159.9,160.54,153.37,153.84,135428401.0,1018113.0,155.859627
154.785,157.1,153.6106,155.31,95004894.0,716068.0,155.264624
154.65,155.24,151.38,152.37,97514431.0,741145.0,152.97942
151.21,151.35,148.37,150.7,218997344.0,848159.0,150.400101
149.31,154.56,149.1,154.48,87533890.0,671958.0,152.616126
153.4,158.08,153.08,156.9,113203270.0,792173.0,156.164792
157.34,158.74,153.6,153.72,107498655.0,785026.0,156.237145
152.38,154.47,150.91,152.74,92021722.0,686881.0,152.560537
151.19,151.47,148.56,150.43,101813197.0,764986.0,150.041362
149.66,153.7701,149.64,150.77,100616414.0,747669.0,151.487416
152.74,154.72,149.945,151.76,91032702.0,683779.0,152.095874
147.64,150.6414,144.84,149.84,155823686.0,1142720.0,147.7096
146.1,146.72,140.68,142.48,137415955.0,1067283.0,142.812294
141.28,143.1,138.0,138.2,141390692.0,941473.0,140.134941
138.21,143.07,137.685,142.45,124534891.0,838788.0,141.273689
145.03,146.22,144.26,146.1,96785630.0,687507.0,145.534712
144.075,147.38,143.01,146.4,83933253.0,605865.0,145.301313
145.81,147.54,145.22,145.43,72586982.0,538674.0,146.031211
142.54,143.1,139.445,140.09,95901316.0,664196.0,140.689652
140.42,141.89,138.5729,140.42,80719147.0,620865.0,140.216879
139.9,141.35,138.22,138.98,82627051.0,608886.0,139.509074
139.13,140.36,138.16,138.34,76229576.0,553189.0,139.041704
134.99,143.59,134.37,142.99,121491577.0,874141.0,140.063712
144.31,144.52,138.19,138.38,97254054.0,686282.0,139.802051
141.065,142.9,140.27,142.41,94281241.0,634586.0,141.984497
145.49,146.7,140.61,143.75,103909236.0,785419.0,144.045788
141.69,144.9492,141.5,143.86,66281889.0,511351.0,143.466866
143.02,145.89,142.65,143.39,70436249.0,517762.0,144.156597
142.87,147.8479,142.649,147.27,97497286.0,619853.0,145.537116
147.185,150.23,146.0,149.45,82543225.0,653022.0,148.469242
150.09,152.49,149.36,152.34,82217447.0,581424.0,151.551227
150.96,151.99,148.04,149.35,96231685.0,694798.0,149.973366
148.07,149.046,144.13,144.8,116248070.0,944056.0,145.749545
148.2,157.5,147.82,155.74,174641131.0,1225718.0,154.747206
153.155,154.24,151.92,153.34,110376310.0,726847.0,153.269337
155.08,155.45,149.13,150.65,85451780.0,650597.0,150.961078
148.945,152.17,145.0,145.03,101743648.0,788402.0,148.026896
142.06,142.8,138.75,138.88,105214797.0,871803.0,140.055413
142.09,142.67,134.38,138.38,149550241.0,1159117.0,137.371071
137.11,139.145,135.671,138.92,89935797.0,715008.0,137.597386
140.41,141.43,137.49,139.5,97268373.0,637314.0,139.598643
138.5,138.55,134.5933,134.87,84442456.0,633364.0,135.871053
141.24,146.87,139.5,146.87,136303919.0,875050.0,144.604643
145.82,150.01,144.37,149.7,103060509.0,740560.0,148.312448
148.97,150.28,147.43,148.28,80885473.0,576291.0,148.697425
152.215,153.59,148.5613,150.04,96306279.0,703671.0,151.211711
149.13,149.87,147.29,148.79,71463063.0,472251.0,148.656205
146.43,151.48,146.15,150.72,86649104.0,563722.0,149.715411
152.305,152.7,149.97,151.29,84106843.0,513080.0,151.238278
150.16,150.37,147.715,148.01,64466896.0,504781.0,148.45546
148.13,150.42,146.925,150.18,58685320.0,405189.0,149.307632
149.45,151.83,149.34,151.07,62774756.0,444427.0,150.826223
148.305,148.88,147.12,148.11,38776713.0,319573.0,148.124425
145.14,146.64,143.38,144.22,78281391.0,614361.0,144.720128
144.29,144.81,140.355,141.17,89801206.0,713286.0,141.984894
141.395,148.72,140.55,148.03,131183862.0,707655.0,145.43512
148.21,149.13,146.61,148.31,78588359.0,525991.0,148.087728
145.96,148.0,145.65,147.81,75015411.0,463525.0,146.982128
147.77,150.9199,145.77,146.63,74981324.0,586796.0,147.586644
147.075,147.3,141.92,142.91,72151911.0,537311.0,143.710309
142.19,143.37,140.0,140.94,77308359.0,565399.0,141.146902
142.36,143.52,141.1,142.65,68832111.0,456124.0,142.530981
142.34,145.57,140.9,142.16,84840144.0,529039.0,143.191277
142.7,144.5,141.06,144.49,78289096.0,492716.0,143.146879
149.5,149.9692,144.24,145.47,102204603.0,706528.0,146.505145
145.35,146.655,141.16,143.21,89974435.0,597873.0,144.135743
141.11,141.8,136.025,136.5,110421981.0,879350.0,137.524749
136.685,137.65,133.73,134.51,220048084.0,818493.0,134.982902
135.11,135.2,131.32,132.37,87427188.0,705822.0,132.459651
131.39,133.25,129.89,132.3,83636668.0,640697.0,131.866586
132.98,136.81,132.75,135.45,95563192.0,588686.0,135.312159
134.352,134.56,130.3,132.23,86659361.0,643298.0,131.91302
130.92,132.415,129.64,131.86,67631560.0,539021.0,131.173262
131.38,131.41,128.72,130.03,74304546.0,608333.0,129.943021
129.67,131.0275,125.87,126.04,90551969.0,762248.0,127.542061
127.99,130.4814,127.73,129.61,81821550.0,598208.0,129.519613
128.41,129.95,127.43,129.93,85865255.0,591156.0,128.915506
130.28,130.9,124.17,125.07,124289279.0,1021067.0,125.660032
126.89,128.6557,125.08,126.36,95426133.0,770045.0,126.643011
127.13,127.77,124.76,125.02,88344592.0,665463.0,126.006961
126.01,130.29,124.89,129.62,96468673.0,709888.0,128.362627
130.465,133.41,129.89,130.15,76653608.0,645367.0,131.545593
130.26,131.2636,128.12,130.73,68415086.0,554942.0,129.870967
131.25,133.51,130.46,133.49,77043246.0,561280.0,132.422077
133.88,134.26,131.44,133.41,77698366.0,635333.0,133.178793
132.03,134.92,131.66,134.76,63045132.0,535781.0,133.76503
134.83,137.29,134.13,135.94,69852271.0,595834.0,135.764039
136.815,138.61,135.03,135.21,76916867.0,578306.0,136.262015
134.08,136.25,133.77,135.27,64511998.0,491676.0,134.998543
135.28,138.02,134.22,137.87,95933363.0,549630.0,136.459561
138.12,143.315,137.9,141.11,87527661.0,719290.0,141.227955
140.305,143.16,140.3,142.53,70642466.0,498681.0,142.124333
140.89,142.43,138.81,141.86,70336488.0,536507.0,140.779785
143.17,144.25,141.9,143.96,59721341.0,472137.0,143.395796
143.155,147.23,143.08,145.93,77521002.0,558426.0,145.832562
144.955,145.55,142.85,143.0,69935435.0,551112.0,143.608922
142.7,144.34,142.28,144.29,81087730.0,468172.0,143.76925
143.97,146.61,141.32,145.43,84602426.0,693377.0,143.961791
148.9,151.18,148.17,150.82,119288199.0,996204.0,149.750531
148.03,157.38,147.83,154.5,166049247.0,1138935.0,154.392541
152.575,153.1,150.78,151.73,75590203.0,583521.0,152.006703
150.64,155.23,150.64,154.65,94067819.0,661769.0,153.633427
153.88,154.58,151.168,151.92,72643990.0,524143.0,152.316766
153.775,154.33,150.42,150.87,61868739.0,471977.0,152.184661
149.46,151.3401,149.22,151.01,62500180.0,442055.0,150.463505
150.952,154.26,150.92,153.85,70149328.0,506670.0,153.291138
152.12,153.77,150.86,153.2,68556962.0,528569.0,152.606935
153.11,155.5,152.88,155.33,70612239.0,520577.0,154.572898
153.51,156.33,153.3475,153.71,74955617.0,516189.0,154.701103
152.35,153.0,150.85,152.55,66293371.0,467050.0,152.104468
150.2,151.3,148.405,148.48,68102432.0,509345.0,149.276547
148.87,149.95,147.16,148.91,57571342.0,429778.0,148.586152
150.09,150.34,147.24,149.4,53439807.0,425163.0,148.913715
147.11,147.19,145.7202,146.71,62617932.0,470884.0,146.410703
147.71,149.17,147.45,147.92,50247854.0,418071.0,148.123416
147.05,149.08,146.83,147.41,61519861.0,383781.0,147.726764
146.83,147.2285,145.01,145.31,62350999.0,461615.0,145.806128
144.38,146.71,143.9,145.91,60242324.0,413240.0,145.28641
148.045,151.11,147.33,151.03,79744478.0,556613.0,150.149082
153.785,156.3,153.46,153.83,93957314.0,691992.0,154.654718
153.7,154.0299,151.13,151.6,61332251.0,496634.0,152.218798
152.81,153.47,151.83,152.87,51205963.0,405205.0,152.719809
153.559,154.535,150.225,150.59,59821351.0,480912.0,152.295553
150.21,150.94,147.6096,148.5,75469048.0,609814.0,149.006538
147.805,153.14,147.7,150.47,90585023.0,760662.0,151.177098
151.28,153.4,150.1,152.59,84532172.0,565199.0,152.165261
151.19,153.245,149.92,152.99,85708822.0,703118.0,151.859646
152.16,156.46,151.64,155.85,84454434.0,676100.0,154.909001
156.08,156.74,154.28,155.0,131114857.0,614285.0,155.405289
155.07,157.82,154.15,157.4,85439528.0,628987.0,156.729739
157.32,159.4,156.54,159.28,87819428.0,590984.0,158.509861
159.3,162.14,157.81,157.83,80427254.0,656869.0,159.72994
158.83,161.5501,157.68,158.93,75089334.0,614271.0,159.485733
158.86,160.34,157.85,160.25,65530530.0,516245.0,159.33047
159.94,160.77,157.87,158.28,58214330.0,518438.0,158.986546
157.97,158.49,155.98,157.65,50372968.0,432449.0,157.01827
159.37,161.05,159.35,160.77,57532705.0,472079.0,160.273443
161.53,162.47,161.271,162.36,53823579.0,456156.0,162.027551
162.44,165.0,161.91,164.9,69191490.0,572350.0,163.992724
164.27,166.29,164.22,166.17,62027954.0,568688.0,165.410449
166.595,166.84,165.11,165.63,52036268.0,456308.0,165.895417
164.74,165.05,161.8,163.76,56567368.0,533623.0,163.499464
162.43,164.9584,162.0,164.66,50780869.0,446214.0,164.064618
161.42,162.03,160.08,162.03,51829429.0,563917.0,161.299097
162.35,162.36,160.51,160.8,51774289.0,490482.0,161.122856
161.22,162.06,159.78,160.1,50706904.0,514262.0,160.916046
161.63,165.8,161.42,165.56,76953623.0,595712.0,164.469322
164.59,166.32,163.82,165.21,54918972.0,488449.0,165.061557
165.09,165.39,164.03,165.23,45769525.0,483390.0,164.801759
166.1,167.41,165.65,166.47,55909701.0,494602.0,166.360112
165.8,168.16,165.54,167.63,48158687.0,473868.0,167.265178
166.09,167.87,165.56,166.65,53020864.0,493154.0,166.794939
165.05,166.4521,164.49,165.02,65307211.0,519453.0,165.091964
165.0,165.6,163.89,165.33,45338131.0,459502.0,164.961709
165.19,166.305,163.73,163.77,48714063.0,501551.0,164.646986
163.055,165.28,162.8,163.76,50920364.0,493407.0,163.892842
165.19,168.56,165.19,168.41,76052617.0,575984.0,167.512917
168.49,169.85,167.8801,169.68,63093372.0,526191.0,169.044645
169.28,170.45,168.64,169.59,56437122.0,540748.0,169.663231
170.09,170.35,167.54,168.54,48897270.0,509756.0,168.70263
169.5,170.92,167.16,167.45,70732642.0,610055.0,169.180843
164.89,167.04,164.31,165.79,81791781.0,832125.0,165.708907
170.975,174.3,170.76,173.57,114073502.0,913563.0,173.389233
172.48,173.85,172.11,173.5,61353610.0,563142.0,173.301181
173.05,173.54,171.6,171.77,50729673.0,456211.0,172.198383
173.02,174.03,171.9,173.555,53724501.0,511486.0,173.187071
173.85,174.59,172.17,173.75,50011672.0,501957.0,173.491189
173.62,174.06,171.0,172.57,50612841.0,489401.0,172.391578
173.16,173.21,171.47,172.07,41718475.0,444787.0,172.092171
171.99,173.1383,171.7991,172.07,45676613.0,436167.0,172.271733
171.71,172.925,170.4201,172.69,65903562.0,554943.0,171.956478
173.0,175.24,172.58,175.05,66091664.0,595693.0,174.334502
176.39,176.39,174.94,175.16,58044146.0,531634.0,175.572261
173.98,174.71,173.45,174.2,44146775.0,526394.0,174.199398
173.13,173.3794,171.275,171.56,56405720.0,535094.0,172.153619
171.09,172.4183,170.52,171.84,45740665.0,492277.0,171.495997
172.41,173.895,171.69,172.99,64475787.0,534914.0,172.915577
173.32,175.77,173.11,175.43,62620662.0,528297.0,175.179028
176.96,178.99,176.57,177.3,63293297.0,651322.0,177.423861
177.325,179.35,176.76,177.25,99625288.0,669221.0,177.987684
177.7,180.12,176.9306,180.09,76857581.0,624136.0,179.402689
181.03,181.78,179.26,180.95,76294033.0,712123.0,180.655109
182.63,184.951,178.035,179.58,121969015.0,1286854.0,182.199552
179.965,180.12,177.43,179.21,64841762.0,705233.0,178.685496
178.44,181.21,177.32,177.82,69732161.0,669100.0,178.558004
177.895,180.84,177.46,180.57,50221611.0,548697.0,179.527467
181.5,182.23,180.63,180.96,48890039.0,557832.0,181.456753
181.27,183.89,180.97,183.79,54796150.0,562764.0,182.754879
182.8,184.15,182.44,183.31,54967369.0,608362.0,183.182816
183.37,184.39,182.02,183.95,57451443.0,614191.0,183.70125
183.96,186.52,183.78,186.01,65417713.0,697108.0,185.576485
186.73,186.99,184.27,184.92,101239104.0,616230.0,185.576671
184.41,186.1,184.41,185.01,49801726.0,577559.0,185.301696
184.9,185.41,182.5901,183.96,49505417.0,520855.0,184.08866
183.74,187.045,183.67,187.0,51248267.0,563157.0,186.095509
185.55,187.56,185.01,186.68,53194896.0,539709.0,186.491169
186.83,188.05,185.23,185.27,48099269.0,584779.0,186.342879
185.89,188.39,185.67,188.06,50745529.0,512183.0,187.471551
187.93,189.9,187.6,189.25,51225939.0,559611.0,188.888455
189.08,190.07,188.94,189.59,46347309.0,525368.0,189.546219
191.63,194.48,191.26,193.97,83782058.0,760823.0,193.114617
193.78,193.88,191.76,192.46,31357392.0,498718.0,192.638055
191.565,192.98,190.62,191.33,46921907.0,560240.0,191.615305
189.84,192.02,189.2,191.81,45172292.0,562929.0,190.810342
191.41,192.67,190.24,190.68,46814999.0,538828.0,191.43102
189.26,189.99,187.035,188.61,59925144.0,736976.0,188.338409
189.16,189.3,186.6,188.08,46646096.0,577864.0,187.802462
189.68,191.7,188.47,189.77,60757160.0,652270.0,189.984281
190.5,191.19,189.78,190.54,41348909.0,468081.0,190.565107
190.23,191.1799,189.63,190.69,41622330.0,513236.0,190.461122
191.9,194.32,191.81,193.99,50546738.0,603051.0,193.32553
193.35,194.33,192.415,193.73,48357948.0,544724.0,193.375703
193.1,198.23,192.65,195.1,80534721.0,777402.0,194.986076
195.09,196.47,192.495,193.13,59597695.0,640137.0,194.296883
194.1,194.97,191.23,191.94,71957084.0,580363.0,192.718322
193.41,194.91,192.25,192.75,45538581.0,526175.0,193.233712
193.33,194.44,192.915,193.62,37339808.0,445740.0,193.799673
193.67,195.64,193.32,194.5,47506279.0,502596.0,194.378548
196.02,197.2,192.55,193.22,47465977.0,570678.0,194.950386
194.67,196.626,194.14,195.83,48291445.0,519154.0,195.809443
196.06,196.49,195.26,196.45,45241255.0,530646.0,196.200202
196.235,196.73,195.28,195.605,35306213.0,478272.0,195.861871
195.04,195.18,191.8507,192.58,50408072.0,620854.0,192.939066
191.57,192.37,190.69,191.17,62366562.0,756802.0,191.573861
185.52,187.38,181.92,181.99,115956843.0,1336767.0,184.299063
182.13,183.13,177.35,178.85,97586944.0,1159593.0,178.896194
179.69,180.27,177.58,179.8,67832886.0,709234.0,179.011351
180.87,180.93,177.01,178.19,60386755.0,666321.0,178.47219
179.48,180.75,177.6,177.97,54695861.0,653105.0,178.827828
177.32,178.62,176.55,177.79,52036674.0,586486.0,177.792719
177.97,179.69,177.305,179.46,43690884.0,565211.0,178.934721
178.88,179.48,177.05,177.45,43635379.0,510238.0,177.899185
177.13,178.54,176.5,176.57,46979752.0,526310.0,177.479546
177.14,177.5054,173.48,174.0,66700735.0,673488.0,174.653058
172.3,175.1,171.96,174.49,61173170.0,596487.0,173.859323
175.07,176.13,173.735,175.84,46323343.0,559827.0,175.22285
177.06,177.68,176.25,177.23,42091932.0,501637.0,177.011047
178.52,181.55,178.325,181.12,52756878.0,587652.0,180.668409
180.674,181.104,176.01,176.38,54953439.0,610587.0,177.661775
177.38,179.15,175.82,178.61,51449596.0,554792.0,177.826636
180.09,180.59,178.545,180.19,43823300.0,532552.0,179.618894
179.695,184.9,179.5,184.12,53016040.0,576648.0,183.281635
184.94,187.85,184.74,187.65,60824230.0,636605.0,186.947989
187.84,189.12,187.48,187.87,60814675.0,555057.0,188.185056
189.485,189.92,188.28,189.46,45766507.0,530277.0,189.025752
188.28,189.98,187.61,189.7,45285046.0,602564.0,189.129836
188.4,188.85,181.47,182.91,81765466.0,880369.0,183.778433
175.18,178.21,173.54,177.56,112503695.0,1210446.0,176.693655
178.35,180.239,177.79,178.18,65602067.0,755391.0,179.093843
180.07,180.3,177.34,179.36,58964184.0,722658.0,178.798151
179.49,180.13,174.82,176.3,90383654.0,937680.0,176.701341
176.51,177.3,173.98,174.21,84277767.0,835414.0,175.029416
174.0,176.1,173.58,175.74,60898149.0,641142.0,175.376921
176.48,176.495,173.82,175.01,109259462.0,729795.0,175.084694
176.48,179.38,176.17,177.97,67272034.0,731499.0,177.971078
177.52,179.63,177.13,179.07,51831661.0,524532.0,178.410352
179.26,179.695,175.4,175.49,58452947.0,600755.0,177.082657
174.55,176.3,173.86,173.93,63160835.0,631737.0,174.903668
174.67,177.079,174.05,174.79,56725387.0,606172.0,175.479785
174.2,176.97,174.15,176.08,46178509.0,564354.0,175.674313
174.82,175.2,171.66,171.96,64597559.0,688566.0,172.730491
172.62,173.04,169.05,170.43,66940950.0,708087.0,170.519718
169.34,172.03,167.62,170.69,56302471.0,618749.0,170.313489
172.02,173.07,170.341,171.21,51886171.0,535136.0,171.602011
171.22,174.3,170.93,173.75,52172333.0,617354.0,173.28953
172.255,173.63,170.82,172.4,49637004.0,543146.0,172.128425
171.09,174.21,170.97,173.66,53025614.0,561075.0,172.950579
173.79,175.45,172.68,174.91,48532230.0,509291.0,174.243182
173.8,177.99,173.18,177.49,57266677.0,593946.0,176.35858
176.81,179.05,175.8,178.99,42400769.0,518390.0,177.868024
178.1,179.72,177.95,178.39,43700093.0,525007.0,178.688787
178.2,179.85,177.6,179.8,47555502.0,503608.0,178.920294
180.07,182.34,179.04,180.71,56753369.0,617072.0,180.97399
181.42,181.93,178.14,178.85,51456083.0,531443.0,179.41376
176.75,179.075,176.51,178.72,52519230.0,632661.0,178.148359
176.645,178.42,174.8,177.15,57553146.0,592436.0,176.85213
175.58,177.575,175.11,175.84,54780899.0,540428.0,176.368798
176.04,177.84,175.19,175.46,59312291.0,560468.0,176.270608
175.31,175.42,172.64,172.88,64244029.0,600322.0,173.789788
170.91,174.01,169.93,173.0,55986017.0,639779.0,172.365942
173.05,173.67,171.45,173.44,43825971.0,530643.0,172.712413
171.88,173.06,170.65,171.1,57219947.0,611287.0,171.526493
170.37,171.3775,165.67,166.89,70660031.0,815731.0,167.582602
166.91,168.96,166.83,168.22,58499131.0,609514.0,167.909302
169.02,171.17,168.87,170.29,51135875.0,628371.0,170.081326
169.35,170.9,167.9,170.77,44852482.0,510050.0,169.874357
171.0,174.23,170.12,173.97,56951142.0,633750.0,172.611605
175.52,177.78,175.46,177.57,77518015.0,807105.0,177.101455
174.24,176.82,173.35,176.65,80129247.0,858040.0,175.636789
176.38,179.43,176.21,179.23,63852730.0,678194.0,178.60948
179.18,182.44,178.97,181.82,70539955.0,653956.0,181.315051
182.35,183.45,181.59,182.89,49345307.0,542542.0,182.664855
182.96,184.12,181.81,182.41,53780415.0,545850.0,182.934075
183.97,186.565,183.53,186.4,66204156.0,610940.0,185.361502
185.82,186.03,184.21,184.8,43631574.0,530523.0,184.822995
187.7,188.11,186.3,187.44,60113030.0,609334.0,187.322497
187.845,189.5,187.78,188.01,53818016.0,564663.0,188.470666
189.57,190.96,188.65,189.71,54426521.0,621003.0,189.725074
190.25,190.38,188.57,189.69,50941406.0,510221.0,189.599311
189.89,191.905,189.88,191.45,46543084.0,554091.0,191.307534
191.41,191.52,189.74,190.64,38142232.0,450941.0,190.509559
191.49,192.93,190.825,191.31,39630374.0,463588.0,191.737678
190.87,190.9,189.25,189.97,24048346.0,335950.0,189.776006
189.92,190.67,188.9,189.79,40570385.0,509035.0,189.801449
189.78,191.08,189.4,190.4,38422811.0,458379.0,190.182635
190.9,192.09,188.97,189.37,43017537.0,493157.0,190.095824
189.84,190.32,188.19,189.95,48804815.0,486962.0,189.32785
190.33,191.56,189.23,191.24,45704824.0,515541.0,190.814969
189.98,190.05,187.4511,189.43,43396215.0,587629.0,188.903443
190.21,194.4,190.18,193.42,66654222.0,700936.0,193.201212
194.45,194.76,192.11,192.32,41092772.0,491536.0,192.792192
193.63,195.0,193.59,194.27,47485364.0,495114.0,194.415635
194.2,195.99,193.67,195.71,53406358.0,538969.0,195.1631
193.11,193.49,191.42,193.18,60952756.0,691291.0,192.690089
193.08,194.72,191.721,194.71,52704312.0,510922.0,193.712615
195.09,198.0,194.85,197.96,70422443.0,672723.0,196.884059
198.02,199.62,196.16,198.11,66836850.0,691952.0,198.298267
197.53,198.3999,197.0,197.57,128538401.0,625454.0,197.573249
196.09,196.63,194.39,195.89,55755354.0,655820.0,195.532766
196.16,196.95,195.89,196.94,40717190.0,451795.0,196.531773
196.9,197.68,194.83,194.83,52247140.0,550700.0,196.221545
196.1,197.08,193.5,194.68,46485784.0,554963.0,194.733112
195.18,195.41,192.97,193.6,37149570.0,500544.0,194.099383
193.61,193.89,192.83,193.05,28921648.0,488340.0,193.170805
192.49,193.5,191.09,193.15,48092035.0,548205.0,192.535582
194.14,194.66,193.17,193.58,34056639.0,472490.0,193.925614
193.9,194.4,191.725,192.53,42672148.0,509123.0,192.577019
187.15,188.44,183.885,185.64,82496943.0,1009074.0,185.846233
184.22,185.88,183.43,184.25,58418916.0,656956.0,184.319693
182.15,183.0872,180.88,181.91,71992243.0,712850.0,182.013085
181.99,182.76,180.17,181.18,62379661.0,682335.0,181.483937
182.085,185.6,181.5,185.56,59151720.0,669304.0,184.400869
183.92,185.15,182.73,185.14,42848219.0,538297.0,184.364122
184.35,186.4,183.92,186.19,46797681.0,554884.0,185.223846
186.54,187.05,183.62,185.59,49133996.0,584114.0,185.022217
186.06,186.74,185.19,185.92,40477782.0,477050.0,185.818208
182.16,184.26,180.934,183.63,65612289.0,767431.0,182.83027
181.27,182.93,180.3,182.68,47321545.0,594725.0,181.895222
186.09,189.14,185.83,188.63,78031784.0,787472.0,187.968724
189.33,191.95,188.82,191.56,68902985.0,682664.0,190.60882
192.3,195.33,192.26,193.89,60139948.0,718256.0,194.013458
195.02,195.75,193.8299,195.18,42360151.0,533198.0,194.815768
195.42,196.38,194.34,194.5,53636461.0,594907.0,195.236375
195.22,196.2675,193.1125,194.17,54834147.0,644776.0,194.783346
194.27,194.76,191.94,192.42,44594011.0,534166.0,193.136866
192.01,192.2,189.58,191.73,47145521.0,599512.0,191.280816
190.94,191.8,187.47,188.04,55854611.0,690706.0,188.823566
187.04,187.095,184.35,184.4,55467803.0,679844.0,185.367471
183.985,186.95,183.82,186.86,64885408.0,820977.0,186.026227
179.86,187.33,179.25,185.85,102551680.0,1108466.0,184.826139
188.15,189.25,185.84,187.68,69668820.0,804749.0,187.770827
186.86,189.31,186.7695,189.3,43490759.0,530825.0,188.495897
190.64,191.05,188.61,189.41,53438955.0,596088.0,189.364757
189.385,189.535,187.35,188.32,40962046.0,521464.0,188.299781
188.65,189.99,188.0,188.85,45155216.0,544714.0,189.014343
188.415,188.67,186.79,187.15,41781934.0,585515.0,187.597468
185.77,186.21,183.5128,185.04,56529529.0,644015.0,184.966464
185.32,185.53,182.44,184.15,54630517.0,679073.0,183.578606
183.55,184.49,181.35,183.86,65434496.0,756083.0,182.685738
183.42,184.85,181.665,182.31,49752465.0,611770.0,182.753461
181.79,182.43,180.0,181.56,53665553.0,712338.0,181.029315
181.94,182.8888,180.66,182.32,41529674.0,522493.0,181.962835
183.48,184.955,182.46,184.37,52292208.0,613893.0,183.830992
185.01,185.04,182.23,182.52,45119677.0,549251.0,183.021736
182.24,182.76,180.65,181.16,40867421.0,615639.0,181.314102
181.1,183.9225,179.56,182.63,54319745.0,669764.0,181.811155
182.51,183.12,180.13,181.42,48953939.0,596443.0,181.146598
181.27,182.57,179.53,180.75,136682597.0,813073.0,180.683283
179.55,180.53,177.38,179.66,73563082.0,911079.0,179.006275
176.15,176.9,173.79,175.1,81510101.0,1167167.0,174.831634
170.76,172.04,169.62,170.12,95432355.0,1108821.0,170.306262
171.06,171.24,168.68,169.12,68587707.0,896300.0,169.541341
169.15,170.73,168.49,169.0,71765061.0,825406.0,169.391677
169.0,173.7,168.94,170.73,76267041.0,925213.0,171.559534
172.94,174.38,172.05,172.75,60139473.0,793618.0,172.953654
173.15,174.03,171.01,173.23,59825372.0,735067.0,172.846156
172.77,173.185,170.76,171.13,52488692.0,647120.0,171.346241
172.91,174.3078,172.05,173.0,72913507.0,806014.0,173.105496
171.17,172.62,170.285,172.62,121752699.0,771387.0,171.710221
175.57,177.71,173.52,173.72,75604184.0,866388.0,175.502415
174.34,176.605,173.03,176.08,55215244.0,636058.0,175.453787
175.72,178.67,175.09,178.67,53423102.0,641653.0,177.199304
177.05,177.49,170.84,171.37,106181270.0,1224985.0,172.712473
171.76,173.05,170.06,172.28,71160138.0,736379.0,172.075981
170.565,171.94,169.45,170.85,54288328.0,727686.0,170.706341
170.0,171.42,169.58,169.71,57388449.0,684303.0,170.342184
170.41,173.6,170.11,173.31,60273265.0,670630.0,172.581734
171.75,172.23,170.51,171.48,65672690.0,648027.0,171.355595
171.19,171.25,169.475,170.03,46240500.0,676830.0,170.066484
169.08,169.34,168.2302,168.84,49356481.0,608917.0,168.895583
168.79,170.68,168.58,169.65,47691715.0,571286.0,169.864966
170.29,171.92,168.82,168.82,53704386.0,630785.0,170.088279
169.59,170.39,168.95,169.58,42104826.0,540854.0,169.644567
169.03,169.2,168.24,168.45,37425513.0,549987.0,168.661965
168.7,170.08,168.35,169.67,42451209.0,541699.0,169.156022
168.8,169.09,167.11,167.78,49709336.0,647589.0,167.967996
168.34,175.46,168.16,175.04,91070275.0,828410.0,172.725026
174.26,178.36,174.21,176.55,101617429.0,959162.0,176.37919
175.36,176.63,172.5,172.69,73531773.0,846772.0,174.156292
171.75,173.76,168.27,169.38,73711235.0,834299.0,170.053177
169.61,170.65,168.0,168.0,50901210.0,599005.0,169.005697
168.03,168.64,166.55,167.04,43116703.0,553241.0,167.414061
166.21,166.4,164.075,165.0,68149377.0,754775.0,165.142375
165.515,167.26,164.77,165.84,48116443.0,610370.0,165.93835
165.35,167.05,164.92,166.9,49537761.0,554942.0,166.498697
166.54,169.3,166.21,169.02,48251835.0,584990.0,168.447598
169.525,170.61,168.1511,169.89,50558329.0,608882.0,169.443845
169.88,171.34,169.18,169.3,44838354.0,563912.0,170.005491
173.37,176.03,173.1,173.5,68169419.0,808216.0,174.445277
173.33,174.99,170.0,170.33,65934776.0,647477.0,172.099126
169.58,172.705,169.11,169.3,50383147.0,648630.0,170.720884
172.51,173.415,170.89,173.03,94214915.0,944120.0,172.461486
186.645,187.0,182.66,183.38,163224109.0,1468505.0,184.596364
182.354,184.2,180.42,181.71,78569667.0,898764.0,181.840062
183.45,184.9,181.32,182.4,77305771.0,747519.0,182.837213
182.85,183.07,181.45,182.74,45057087.0,518609.0,182.468972
182.56,184.66,182.11,184.57,48982972.0,551005.0,183.988666
184.9,185.09,182.13,183.05,50759496.0,558780.0,183.098781
185.435,187.1,184.62,186.28,72054409.0,726520.0,186.196091
187.51,188.3,186.29,187.43,52393619.0,559493.0,187.267149
187.91,190.65,187.37,189.72,70399988.0,727615.0,189.700072
190.47,191.095,189.6601,189.84,52845230.0,566951.0,190.135756
189.51,190.81,189.18,189.87,41282925.0,478193.0,189.936809
189.325,191.9199,189.01,191.04,44361275.0,566908.0,191.086154
191.09,192.73,190.9201,192.35,42309401.0,502788.0,192.255686
192.265,192.8231,190.27,190.9,34648547.0,452377.0,191.446181
190.98,191.0,186.625,186.88,51005924.0,574010.0,188.23328
188.82,190.58,188.0404,189.98,36326975.0,492870.0,189.724212
191.51,193.0,189.1,189.99,52280051.0,702191.0,190.773235
189.61,192.247,189.51,190.29,53068016.0,603502.0,191.114792
190.76,192.18,190.63,191.29,49947941.0,568984.0,191.410401
191.44,192.57,189.91,192.25,75158277.0,618230.0,191.66388
192.9,194.99,192.52,194.03,50080539.0,700957.0,193.787269
194.635,195.32,193.0342,194.35,47471445.0,575318.0,194.306377
195.4,196.9,194.87,195.87,54156785.0,648283.0,195.883235
195.685,196.5,194.17,194.48,41181753.0,550123.0,195.332141
194.65,196.94,194.14,196.89,53103912.0,505960.0,195.928421
196.9,197.3,192.15,193.12,97262077.0,1115274.0,194.426234
193.65,207.16,193.63,207.15,172460296.0,1601779.0,203.112181
207.37,220.2,206.9,213.07,198134293.0,1861010.0,215.460162
214.74,216.75,211.6,214.24,97862729.0,1032970.0,214.029875
213.85,215.17,211.3,212.49,70122748.0,793746.0,212.736231
213.37,218.95,212.72,216.67,93728300.0,1034963.0,216.440781
217.59,218.63,213.0,214.29,79943254.0,919960.0,214.735152
213.93,214.24,208.85,209.68,86172451.0,1005362.0,210.595655
210.39,211.89,207.11,207.49,246421353.0,881938.0,208.555754
207.72,212.7,206.59,208.14,80727006.0,916152.0,209.449238
209.15,211.38,208.61,209.07,56713868.0,621196.0,209.721317
211.5,214.86,210.64,213.25,66213186.0,769103.0,213.17689
214.69,215.7395,212.35,214.1,49772707.0,644397.0,213.933376
215.77,216.07,210.3,210.62,82403710.0,727543.0,212.656277
212.09,217.51,211.92,216.75,60402929.0,784845.0,215.508234
216.15,220.38,215.1,220.27,58046178.0,689998.0,219.182842
220.0,221.55,219.03,221.55,37369801.0,566784.0,220.684315
221.65,226.45,221.65,226.34,60412408.0,767414.0,224.931448
227.09,227.85,223.25,227.82,59085861.0,790096.0,226.293992
227.93,229.4,226.3721,228.68,48169822.0,651068.0,228.220233
229.3,233.08,229.25,232.98,62627687.0,782526.0,231.674517
231.39,232.39,225.77,227.57,64710617.0,889309.0,228.407436
228.92,232.64,228.68,230.54,53046527.0,706283.0,231.0574
236.48,237.23,233.09,234.4,62631252.0,822676.0,234.945994
235.0,236.27,232.33,234.82,43234278.0,623963.0,234.333785
229.45,231.4599,226.64,228.88,57345884.0,811104.0,228.812381
230.28,230.44,222.27,224.18,66034585.0,844626.0,225.167646
224.82,226.8,223.275,224.31,49151453.0,612830.0,224.753544
227.01,227.78,223.09,223.96,48201835.0,704897.0,224.992525
224.365,226.94,222.68,225.01,39960260.0,551688.0,225.013617
224.0,224.8,217.13,218.54,61777576.0,816144.0,219.079866
218.93,220.85,214.62,217.49,51391199.0,737642.0,218.117437
218.7,219.49,216.01,217.96,41601345.0,608589.0,217.883083
216.96,219.3,215.75,218.24,36311778.0,604724.0,218.144019
219.19,220.325,216.12,218.8,41643840.0,584355.0,218.443117
221.44,223.82,220.63,222.08,50036262.0,668901.0,222.37097
224.37,224.48,217.02,218.36,62500996.0,876129.0,219.57015
219.15,225.6,217.71,219.86,105568560.0,1132553.0,222.251583
199.09,213.5,196.0,209.27,119548589.0,1661550.0,208.116338
205.3,209.99,201.07,207.23,69660488.0,921953.0,206.571553
206.9,213.64,206.39,209.82,63516417.0,741724.0,211.033883
213.11,214.2,208.83,213.31,47161149.0,628773.0,212.581208
212.1,216.78,211.97,216.24,42201646.0,589469.0,215.217661
216.07,219.5099,215.6,217.53,38028092.0,602530.0,217.546317
219.01,221.89,219.01,221.27,44155331.0,553265.0,220.993659
220.57,223.03,219.7,221.72,41960574.0,568519.0,221.499308
224.6,225.35,222.76,224.72,46414013.0,590575.0,224.55366
223.92,226.8271,223.6501,226.05,44340240.0,562638.0,225.429357
225.72,225.99,223.04,225.89,40687813.0,606363.0,224.830286
225.77,227.17,225.45,226.51,30299033.0,498797.0,226.54141
226.52,227.98,225.05,226.4,34765480.0,506656.0,226.450135
227.79,228.34,223.9,224.53,43695321.0,586190.0,225.65207
225.6589,228.22,224.33,226.84,38677250.0,555154.0,226.570678
226.76,227.28,223.8905,227.18,30602208.0,565404.0,226.032558
225.995,228.85,224.89,228.03,35934559.0,491852.0,227.74689
227.92,229.86,225.68,226.49,38052167.0,563160.0,227.474363
230.1,232.92,228.88,229.79,51906297.0,723145.0,231.008651
230.19,230.4,227.48,229.0,52990770.0,594158.0,228.898421
228.55,229.0,221.17,222.77,50190574.0,813604.0,223.749584
221.66,221.78,217.48,220.85,43840196.0,679980.0,219.920973
221.625,225.48,221.52,222.38,36615398.0,588073.0,223.192809
223.95,225.24,219.77,220.82,48423011.0,663965.0,221.704436
220.82,221.27,216.71,220.91,67179965.0,945464.0,219.298998
218.92,221.48,216.73,220.11,51591033.0,684935.0,219.536157
221.455,223.09,217.89,222.66,44587072.0,609494.0,221.190116
222.5,223.55,219.82,222.77,37498225.0,556917.0,222.389637
223.58,224.04,221.91,222.5,36766619.0,541883.0,222.922817
216.54,217.22,213.92,216.32,59357427.0,870760.0,215.864965
215.75,216.9,214.5,216.79,45519339.0,651444.0,216.191099
217.55,222.71,217.54,220.69,59894928.0,833014.0,220.443008
224.99,229.82,224.63,228.87,66781315.0,808546.0,228.421566
229.97,233.09,227.62,228.2,318679888.0,971914.0,229.125739
227.34,229.45,225.81,226.47,54146023.0,693312.0,227.036015
228.645,229.35,225.73,227.37,43556068.0,519573.0,227.226809
224.93,227.29,224.02,226.37,42308715.0,564630.0,225.83909
227.3,228.5,225.41,227.52,36636707.0,433165.0,227.261165
228.46,229.52,227.3,227.79,34025967.0,504108.0,228.171141
230.04,233.0,229.65,233.0,54793391.0,710084.0,232.08941
229.52,229.65,223.74,226.21,63285048.0,832120.0,225.897039
225.89,227.37,223.02,226.78,32880605.0,504717.0,226.043352
225.14,226.805,223.32,225.67,34044158.0,516347.0,225.007676
227.9,228.0,224.13,226.8,37345098.0,558162.0,225.839189
224.5,225.69,221.33,221.69,39505354.0,607240.0,223.321699
224.3,225.98,223.25,225.77,31855693.0,495518.0,225.170803
225.23,229.75,224.83,229.54,33591091.0,519279.0,228.293881
227.78,229.5,227.17,229.04,28183544.0,446857.0,228.576787
229.3,229.41,227.34,227.55,31759188.0,485460.0,228.020953
228.7,231.73,228.6,231.3,39882085.0,580529.0,230.728854
233.61,237.49,232.37,233.85,64751367.0,827530.0,234.893394
231.6,232.12,229.84,231.78,34082240.0,551097.0,231.060277
233.43,233.85,230.52,232.15,32993810.0,487630.0,232.056313
236.18,236.18,234.01,235.0,46431472.0,562502.0,235.252634
234.45,236.85,234.45,236.48,36254470.0,538692.0,235.991167
233.885,236.22,232.6,235.86,38846578.0,489180.0,234.775329
234.08,235.144,227.76,230.76,52286979.0,722059.0,231.134978
229.98,230.82,228.41,230.57,31109503.0,490815.0,230.056502
229.74,233.22,229.57,231.41,38802304.0,551681.0,231.703642
233.32,234.73,232.55,233.4,36087134.0,557146.0,233.654245
233.1,234.325,232.32,233.67,35417247.0,484094.0,233.602577
232.61,233.47,229.55,230.1,47070907.0,593652.0,230.82421
229.34,229.83,225.37,225.91,64370086.0,767895.0,227.038381
220.965,225.35,220.27,222.91,65276741.0,859117.0,222.804987
220.99,222.79,219.71,222.01,44944468.0,647168.0,221.767417
221.795,223.95,221.14,223.45,28111338.0,502059.0,223.110799
222.61,226.065,221.19,222.72,54561121.0,796635.0,223.789045
224.625,227.875,224.57,227.48,42137691.0,623242.0,226.79628
227.17,228.66,226.405,226.96,38328824.0,541125.0,227.235239
225.0,225.7,221.5,224.23,42005602.0,555127.0,223.397808
224.55,225.59,223.355,224.23,40398299.0,462612.0,224.377658
224.01,226.65,222.76,225.12,48566217.0,467219.0,224.935939
225.02,228.87,225.0,228.22,44923941.0,492068.0,227.454246
226.4,226.92,224.27,225.0,47923696.0,451319.0,225.147593
225.25,229.74,225.17,228.02,44691859.0,437922.0,228.036169
226.98,230.16,226.66,228.28,36211774.0,365242.0,228.651147
228.06,229.93,225.89,229.0,35230059.0,357481.0,228.019292
228.88,230.155,225.7103,228.52,42108327.0,431685.0,228.439064
228.06,230.7199,228.06,229.87,38168252.0,380624.0,229.692547
231.46,233.245,229.74,232.87,90152832.0,510698.0,232.405006
233.33,235.57,233.33,235.06,45986189.0,450015.0,234.821331
234.465,235.69,233.8101,234.93,33498439.0,339860.0,234.806483
234.805,237.81,233.97,237.33,28481377.0,268955.0,236.570409
237.27,240.79,237.16,239.59,48137103.0,469685.0,239.520954
239.81,242.76,238.9,242.65,38861017.0,419384.0,241.628776
242.87,244.11,241.25,243.01,44383935.0,406663.0,242.952411
243.99,244.54,242.13,243.04,40033878.0,401262.0,243.055
242.905,244.63,242.08,242.84,36870619.0,366549.0,243.211621
241.83,247.24,241.75,246.75,44649232.0,500769.0,245.992267
246.89,248.21,245.34,247.77,36914806.0,423350.0,247.266088
247.96,250.8,246.2601,246.49,45205814.0,455625.0,248.24955
246.89,248.74,245.68,247.96,32777532.0,353012.0,247.765941
247.815,249.2902,246.24,248.13,33155290.0,349810.0,247.74208
247.99,251.38,247.65,251.04,51694753.0,448224.0,250.490096
250.08,253.83,249.78,253.48,51356360.0,487662.0,253.010532
252.16,254.28,247.74,248.05,56774101.0,564347.0,250.488225
247.5,252.0,247.0949,249.79,60882264.0,532896.0,249.866349
248.04,255.0,245.69,254.49,147495267.0,551019.0,252.59909
254.77,255.65,253.45,255.27,40858774.0,422563.0,254.713849
255.49,258.21,255.29,258.2,23234705.0,245932.0,257.452942
258.19,260.1,257.63,259.02,27262983.0,362325.0,258.937766
257.83,258.7,253.06,255.59,42355321.0,474899.0,255.255129
252.23,253.5,250.75,252.2,35557542.0,421634.0,252.228327
252.44,253.28,249.43,250.42,39480718.0,361255.0,250.721619
